,Exterior,Buffer
0,"['East Harlem : {latitude: ""40.781184"", longitude: ""-73.928686""},{latitude: ""40.783807"", longitude: ""-73.935929""},{latitude: ""40.7859"", longitude: ""-73.93551""},{latitude: ""40.78929"", longitude: ""-73.932714""},{latitude: ""40.791146"", longitude: ""-73.931404""},{latitude: ""40.791303"", longitude: ""-73.925754""},{latitude: ""40.79163"", longitude: ""-73.926622""},{latitude: ""40.79452"", longitude: ""-73.92654""},{latitude: ""40.799987"", longitude: ""-73.926879""},{latitude: ""40.798814"", longitude: ""-73.918837""},{latitude: ""40.795799"", longitude: ""-73.914684""},{latitude: ""40.791998"", longitude: ""-73.915592""},{latitude: ""40.783779"", longitude: ""-73.923803""},{latitude: ""40.781075"", longitude: ""-73.927829""}']","['East Harlem : {latitude: ""40.783453230873405"", longitude: ""-73.94648356990037""},{latitude: ""40.79465514352185"", longitude: ""-73.94120155505074""},{latitude: ""40.79599229449111"", longitude: ""-73.94017105868987""},{latitude: ""40.80014686790213"", longitude: ""-73.93708362837576""},{latitude: ""40.811942081274125"", longitude: ""-73.9301053295897""},{latitude: ""40.80698687384361"", longitude: ""-73.91304868398235""},{latitude: ""40.80487830831102"", longitude: ""-73.90959455847604""},{latitude: ""40.79403505948594"", longitude: ""-73.90395432040015""},{latitude: ""40.78481513758067"", longitude: ""-73.90862632259017""},{latitude: ""40.779181948219744"", longitude: ""-73.91455210032179""},{latitude: ""40.77395573647828"", longitude: ""-73.92079038752489""},{latitude: ""40.771467277529865"", longitude: ""-73.93154662515164""},{latitude: ""40.77403330487078"", longitude: ""-73.94062082052827""},{latitude: ""40.783453230873405"", longitude: ""-73.94648356990037""}']"
1,"['Gramercy Park : {latitude: ""40.736962"", longitude: ""-73.984508""},{latitude: ""40.738714"", longitude: ""-73.986854""},{latitude: ""40.741617"", longitude: ""-73.993739""},{latitude: ""40.745421"", longitude: ""-73.990968""},{latitude: ""40.745921"", longitude: ""-73.986393""},{latitude: ""40.750959"", longitude: ""-73.982724""},{latitude: ""40.754783"", longitude: ""-73.979937""},{latitude: ""40.759787"", longitude: ""-73.976289""},{latitude: ""40.763588"", longitude: ""-73.971411""},{latitude: ""40.761233"", longitude: ""-73.963884""},{latitude: ""40.760492"", longitude: ""-73.962141""},{latitude: ""40.758133"", longitude: ""-73.958599""},{latitude: ""40.753258"", longitude: ""-73.9629""},{latitude: ""40.746048"", longitude: ""-73.969163""},{latitude: ""40.74009"", longitude: ""-73.972421""},{latitude: ""40.735166"", longitude: ""-73.972577""},{latitude: ""40.734896"", longitude: ""-73.974001""},{latitude: ""40.73255"", longitude: ""-73.97432""},{latitude: ""40.734975"", longitude: ""-73.979864""}']","['Gramercy Park : {latitude: ""40.73263485554648"", longitude: ""-74.00001696297655""},{latitude: ""40.748115098980776"", longitude: ""-74.00137909061738""},{latitude: ""40.74977695689345"", longitude: ""-74.00016762403934""},{latitude: ""40.751062755374434"", longitude: ""-73.99922944053614""},{latitude: ""40.75920933241722"", longitude: ""-73.98908666946281""},{latitude: ""40.76004987582839"", longitude: ""-73.988473153854""},{latitude: ""40.77603282097298"", longitude: ""-73.97683338970752""},{latitude: ""40.77352156354605"", longitude: ""-73.96728483781358""},{latitude: ""40.76594566346487"", longitude: ""-73.94736770710996""},{latitude: ""40.751246735693485"", longitude: ""-73.9513142876875""},{latitude: ""40.74737146863634"", longitude: ""-73.95478812384228""},{latitude: ""40.74544833402061"", longitude: ""-73.95641087754818""},{latitude: ""40.74136015094057"", longitude: ""-73.95466404336761""},{latitude: ""40.72020925111211"", longitude: ""-73.96070179504086""},{latitude: ""40.7204645607272"", longitude: ""-73.96712684880042""},{latitude: ""40.72301111442541"", longitude: ""-73.9787893118552""},{latitude: ""40.724514459747965"", longitude: ""-73.98086550346707""},{latitude: ""40.725644818435185"", longitude: ""-73.983528990213""},{latitude: ""40.72847001765004"", longitude: ""-73.99011139843718""}']"
2,"['Upper East Side : {latitude: ""40.758528"", longitude: ""-73.958207""},{latitude: ""40.759284"", longitude: ""-73.959263""},{latitude: ""40.761443"", longitude: ""-73.96244""},{latitude: ""40.76218"", longitude: ""-73.966128""},{latitude: ""40.765518"", longitude: ""-73.972099""},{latitude: ""40.769271"", longitude: ""-73.969365""},{latitude: ""40.77314"", longitude: ""-73.966537""},{latitude: ""40.776994"", longitude: ""-73.963729""},{latitude: ""40.780241"", longitude: ""-73.961361""},{latitude: ""40.784098"", longitude: ""-73.958558""},{latitude: ""40.787914"", longitude: ""-73.955778""},{latitude: ""40.785881"", longitude: ""-73.948827""},{latitude: ""40.782799"", longitude: ""-73.943823""},{latitude: ""40.779083"", longitude: ""-73.942389""},{latitude: ""40.77191"", longitude: ""-73.945498""},{latitude: ""40.767514"", longitude: ""-73.949391""},{latitude: ""40.763146"", longitude: ""-73.953234""}']","['Upper East Side : {latitude: ""40.755001660557824"", longitude: ""-73.97484264264064""},{latitude: ""40.772691521224075"", longitude: ""-73.97924505669108""},{latitude: ""40.77518745996654"", longitude: ""-73.97742699060899""},{latitude: ""40.77765611086019"", longitude: ""-73.97562257865735""},{latitude: ""40.78029254089576"", longitude: ""-73.97369461782718""},{latitude: ""40.78288764917394"", longitude: ""-73.97180766940868""},{latitude: ""40.78484798544664"", longitude: ""-73.97037632885693""},{latitude: ""40.78743967644843"", longitude: ""-73.96848449204779""},{latitude: ""40.78997245168084"", longitude: ""-73.96665161382445""},{latitude: ""40.79250046296241"", longitude: ""-73.96479244106824""},{latitude: ""40.79876452869093"", longitude: ""-73.95388784116135""},{latitude: ""40.78561483014096"", longitude: ""-73.9306228430292""},{latitude: ""40.769737045124394"", longitude: ""-73.93370023243182""},{latitude: ""40.76289100090597"", longitude: ""-73.94037987835992""},{latitude: ""40.76053388182033"", longitude: ""-73.94205191747852""},{latitude: ""40.75759886907028"", longitude: ""-73.94481001239069""},{latitude: ""40.753024575552594"", longitude: ""-73.94937353489836""},{latitude: ""40.748903495061406"", longitude: ""-73.96288370109191""}']"
3,"['Central Harlem : {latitude: ""40.797478"", longitude: ""-73.948792""},{latitude: ""40.801844"", longitude: ""-73.959147""},{latitude: ""40.810839"", longitude: ""-73.956801""},{latitude: ""40.807338"", longitude: ""-73.96439""},{latitude: ""40.813922"", longitude: ""-73.962169""},{latitude: ""40.816071"", longitude: ""-73.961208""},{latitude: ""40.818099"", longitude: ""-73.962067""},{latitude: ""40.820303"", longitude: ""-73.959657""},{latitude: ""40.81791"", longitude: ""-73.951768""},{latitude: ""40.819025"", longitude: ""-73.948374""},{latitude: ""40.821264"", longitude: ""-73.946078""},{latitude: ""40.829717"", longitude: ""-73.938588""},{latitude: ""40.832685"", longitude: ""-73.939676""},{latitude: ""40.838748"", longitude: ""-73.93546""},{latitude: ""40.840475"", longitude: ""-73.935295""},{latitude: ""40.846615"", longitude: ""-73.931987""},{latitude: ""40.82457"", longitude: ""-73.933919""},{latitude: ""40.806666"", longitude: ""-73.934921""},{latitude: ""40.805744"", longitude: ""-73.942754""},{latitude: ""40.800665"", longitude: ""-73.946462""}']","['Central Harlem : {latitude: ""40.80303079015948"", longitude: ""-73.97987281559543""},{latitude: ""40.81873695852682"", longitude: ""-73.97764215156776""},{latitude: ""40.83201497721082"", longitude: ""-73.96303870726364""},{latitude: ""40.83436765954709"", longitude: ""-73.95146677619348""},{latitude: ""40.8366796853194"", longitude: ""-73.94902643238693""},{latitude: ""40.840367534108296"", longitude: ""-73.94623755942017""},{latitude: ""40.84815078785856"", longitude: ""-73.94325882127926""},{latitude: ""40.850147177021036"", longitude: ""-73.94178991660087""},{latitude: ""40.85227584196251"", longitude: ""-73.94023593713888""},{latitude: ""40.85233149249581"", longitude: ""-73.91386525393503""},{latitude: ""40.83261522010702"", longitude: ""-73.92469390251148""},{latitude: ""40.82391104696754"", longitude: ""-73.92379805618941""},{latitude: ""40.816406052380934"", longitude: ""-73.92357537991955""},{latitude: ""40.7978310476655"", longitude: ""-73.92987198006988""},{latitude: ""40.79608165927774"", longitude: ""-73.93742617132128""},{latitude: ""40.79408634763757"", longitude: ""-73.93888150125565""},{latitude: ""40.79286865685493"", longitude: ""-73.93976857376174""},{latitude: ""40.785111583375524"", longitude: ""-73.94605326056735""},{latitude: ""40.791070942080175"", longitude: ""-73.96323689717606""},{latitude: ""40.80303079015948"", longitude: ""-73.97987281559543""}']"
4,"['Chelsea and Clinton : {latitude: ""40.740291"", longitude: ""-74.00273""},{latitude: ""40.74387"", longitude: ""-74.012285""},{latitude: ""40.747678"", longitude: ""-74.011494""},{latitude: ""40.752454"", longitude: ""-74.010236""},{latitude: ""40.754682"", longitude: ""-74.007205""},{latitude: ""40.758786"", longitude: ""-74.006953""},{latitude: ""40.76039"", longitude: ""-74.003093""},{latitude: ""40.764349"", longitude: ""-74.002968""},{latitude: ""40.767139"", longitude: ""-73.996933""},{latitude: ""40.771859"", longitude: ""-73.997477""},{latitude: ""40.771907"", longitude: ""-73.990237""},{latitude: ""40.768214"", longitude: ""-73.982435""},{latitude: ""40.767659"", longitude: ""-73.981597""},{latitude: ""40.761148"", longitude: ""-73.979513""},{latitude: ""40.753481"", longitude: ""-73.980888""},{latitude: ""40.744066"", longitude: ""-73.987746""},{latitude: ""40.740597"", longitude: ""-73.992082""},{latitude: ""40.731856"", longitude: ""-73.996639""},{latitude: ""40.736564"", longitude: ""-74.001095""}']","['Chelsea and Clinton : {latitude: ""40.74851817380961"", longitude: ""-74.02550832187256""},{latitude: ""40.758197170007975"", longitude: ""-74.0278765573917""},{latitude: ""40.767284570813544"", longitude: ""-74.01558521114568""},{latitude: ""40.78104333968424"", longitude: ""-74.0042944398327""},{latitude: ""40.78334431890691"", longitude: ""-73.9942944860101""},{latitude: ""40.77539364279487"", longitude: ""-73.97157431539298""},{latitude: ""40.76408416785526"", longitude: ""-73.96075562293078""},{latitude: ""40.750112741591884"", longitude: ""-73.97096406123012""},{latitude: ""40.74630438791822"", longitude: ""-73.97374257410122""},{latitude: ""40.74320186671547"", longitude: ""-73.9760020634752""},{latitude: ""40.740044465286246"", longitude: ""-73.97830182272985""},{latitude: ""40.733769623196274"", longitude: ""-73.98287340097073""},{latitude: ""40.73115420212431"", longitude: ""-73.98477973504207""},{latitude: ""40.72878353748329"", longitude: ""-73.98650254930797""},{latitude: ""40.72593061628799"", longitude: ""-73.98858307871474""},{latitude: ""40.727981606494794"", longitude: ""-74.016053841141""},{latitude: ""40.73921772509236"", longitude: ""-74.02358124156208""},{latitude: ""40.74835104956489"", longitude: ""-74.02563063067736""}']"
5,"['Upper West Side : {latitude: ""40.778168"", longitude: ""-73.974532""},{latitude: ""40.772417"", longitude: ""-73.978728""},{latitude: ""40.768486"", longitude: ""-73.981836""},{latitude: ""40.772242"", longitude: ""-73.989994""},{latitude: ""40.77877"", longitude: ""-73.987291""},{latitude: ""40.787889"", longitude: ""-73.983751""},{latitude: ""40.803383"", longitude: ""-73.972899""},{latitude: ""40.818025"", longitude: ""-73.96179""},{latitude: ""40.816236"", longitude: ""-73.961257""},{latitude: ""40.814981"", longitude: ""-73.961491""},{latitude: ""40.812624"", longitude: ""-73.963016""},{latitude: ""40.807338"", longitude: ""-73.96439""},{latitude: ""40.809404"", longitude: ""-73.957245""},{latitude: ""40.807546"", longitude: ""-73.956806""},{latitude: ""40.801156"", longitude: ""-73.959647""},{latitude: ""40.796111"", longitude: ""-73.96144""},{latitude: ""40.790365"", longitude: ""-73.965632""},{latitude: ""40.784611"", longitude: ""-73.969832""}']","['Upper West Side : {latitude: ""40.7676293445279"", longitude: ""-74.00210904938974""},{latitude: ""40.79004983726768"", longitude: ""-73.99437450640367""},{latitude: ""40.79887795868278"", longitude: ""-73.98829197240906""},{latitude: ""40.8066786039449"", longitude: ""-73.9828404405477""},{latitude: ""40.81942994444602"", longitude: ""-73.9737504982726""},{latitude: ""40.827357421438705"", longitude: ""-73.95797836898596""},{latitude: ""40.80548502686861"", longitude: ""-73.94592668177313""},{latitude: ""40.79150166495459"", longitude: ""-73.9524251895377""},{latitude: ""40.78828359883683"", longitude: ""-73.95477416364476""},{latitude: ""40.785100448174866"", longitude: ""-73.95709606015009""},{latitude: ""40.78196011605998"", longitude: ""-73.9593759801618""},{latitude: ""40.77870152044814"", longitude: ""-73.96176484078487""},{latitude: ""40.77358087685"", longitude: ""-73.9654948263112""},{latitude: ""40.77100446738976"", longitude: ""-73.96738296285974""},{latitude: ""40.76776622043932"", longitude: ""-73.9697454938027""},{latitude: ""40.76463815508262"", longitude: ""-73.97203122857744""},{latitude: ""40.75691441714663"", longitude: ""-73.98130934306427""},{latitude: ""40.7676293445279"", longitude: ""-74.00210904938974""}']"
6,"['Washington Heights : {latitude: ""40.829724"", longitude: ""-73.953177""},{latitude: ""40.848244"", longitude: ""-73.946853""},{latitude: ""40.856512"", longitude: ""-73.938591""},{latitude: ""40.862362"", longitude: ""-73.932665""},{latitude: ""40.86052"", longitude: ""-73.932524""},{latitude: ""40.863412"", longitude: ""-73.930002""},{latitude: ""40.865536"", longitude: ""-73.927301""},{latitude: ""40.856851"", longitude: ""-73.922828""},{latitude: ""40.845861"", longitude: ""-73.930181""},{latitude: ""40.842958"", longitude: ""-73.934671""},{latitude: ""40.839523"", longitude: ""-73.935008""},{latitude: ""40.838078"", longitude: ""-73.936231""},{latitude: ""40.831952"", longitude: ""-73.940174""},{latitude: ""40.828986"", longitude: ""-73.93896""},{latitude: ""40.824032"", longitude: ""-73.944756""},{latitude: ""40.820052"", longitude: ""-73.94762""},{latitude: ""40.818327"", longitude: ""-73.949398""},{latitude: ""40.819168"", longitude: ""-73.954952""},{latitude: ""40.821139"", longitude: ""-73.959259""},{latitude: ""40.827953"", longitude: ""-73.95633""}']","['Washington Heights : {latitude: ""40.810506947030554"", longitude: ""-73.96208773975884""},{latitude: ""40.81888231250072"", longitude: ""-73.98654379188825""},{latitude: ""40.832505333091625"", longitude: ""-73.96572294666396""},{latitude: ""40.840135177346745"", longitude: ""-73.95971615606516""},{latitude: ""40.845799818597975"", longitude: ""-73.95672547501567""},{latitude: ""40.86335882868594"", longitude: ""-73.95820751454157""},{latitude: ""40.86242988066946"", longitude: ""-73.94667139736995""},{latitude: ""40.866250492211485"", longitude: ""-73.943529004203""},{latitude: ""40.87335600888633"", longitude: ""-73.93380533385127""},{latitude: ""40.87540503240178"", longitude: ""-73.92934657751387""},{latitude: ""40.861333449059984"", longitude: ""-73.90994611618385""},{latitude: ""40.840913897494595"", longitude: ""-73.92026375007136""},{latitude: ""40.8247864089159"", longitude: ""-73.92987675033449""},{latitude: ""40.82115302765978"", longitude: ""-73.93205573566317""},{latitude: ""40.81926097589175"", longitude: ""-73.93343628235027""},{latitude: ""40.81102725270849"", longitude: ""-73.93966786893078""},{latitude: ""40.8093053733167"", longitude: ""-73.9434666757299""},{latitude: ""40.80501371033572"", longitude: ""-73.94882185934266""},{latitude: ""40.808006930467954"", longitude: ""-73.95616085095044""},{latitude: ""40.810506947030554"", longitude: ""-73.96208773975884""}']"
7,"['Inwood : {latitude: ""40.807955"", longitude: ""-73.931681""},{latitude: ""40.831379"", longitude: ""-73.933306""},{latitude: ""40.871758"", longitude: ""-73.908682""},{latitude: ""40.911978"", longitude: ""-73.899505""},{latitude: ""40.90496"", longitude: ""-73.874623""},{latitude: ""40.902444"", longitude: ""-73.858042""},{latitude: ""40.906578"", longitude: ""-73.854704""},{latitude: ""40.906763"", longitude: ""-73.848732""},{latitude: ""40.899475"", longitude: ""-73.839221""},{latitude: ""40.889823"", longitude: ""-73.824036""},{latitude: ""40.888999"", longitude: ""-73.815165""},{latitude: ""40.880999"", longitude: ""-73.795101""},{latitude: ""40.879895"", longitude: ""-73.789972""},{latitude: ""40.853821"", longitude: ""-73.798763""},{latitude: ""40.844147"", longitude: ""-73.8185""},{latitude: ""40.815478"", longitude: ""-73.799122""},{latitude: ""40.80459"", longitude: ""-73.793655""},{latitude: ""40.820173"", longitude: ""-73.839793""},{latitude: ""40.8107"", longitude: ""-73.859204""},{latitude: ""40.806544"", longitude: ""-73.895188""}']","['Inwood : {latitude: ""40.82630899124321"", longitude: ""-73.94286207108962""},{latitude: ""40.85134177540103"", longitude: ""-73.93630882421213""},{latitude: ""40.86504140168925"", longitude: ""-73.9259331640304""},{latitude: ""40.90078652221569"", longitude: ""-73.92656642396557""},{latitude: ""40.92424057693696"", longitude: ""-73.90561259358851""},{latitude: ""40.91959254405876"", longitude: ""-73.88978111609475""},{latitude: ""40.916371169047686"", longitude: ""-73.87792689342396""},{latitude: ""40.91461543557552"", longitude: ""-73.8720156294584""},{latitude: ""40.92045957982813"", longitude: ""-73.85373824077577""},{latitude: ""40.90047353201921"", longitude: ""-73.81942962419447""},{latitude: ""40.897434846220655"", longitude: ""-73.80761471959948""},{latitude: ""40.895649315644924"", longitude: ""-73.80024643404194""},{latitude: ""40.889098443244784"", longitude: ""-73.77604342438649""},{latitude: ""40.85556851865132"", longitude: ""-73.78286943611816""},{latitude: ""40.8140081313304"", longitude: ""-73.78084120530697""},{latitude: ""40.796544779807235"", longitude: ""-73.7998612483299""},{latitude: ""40.79511900950382"", longitude: ""-73.83351209876851""},{latitude: ""40.79615378265896"", longitude: ""-73.89414926890234""},{latitude: ""40.79215890339077"", longitude: ""-73.93292293928681""},{latitude: ""40.81914244720355"", longitude: ""-73.9421057723517""}']"
8,"['Greenwich Village and Soho : {latitude: ""40.716303"", longitude: ""-74.010968""},{latitude: ""40.719717"", longitude: ""-74.01291""},{latitude: ""40.72163"", longitude: ""-74.016153""},{latitude: ""40.725423"", longitude: ""-74.015728""},{latitude: ""40.728496"", longitude: ""-74.014887""},{latitude: ""40.731693"", longitude: ""-74.014152""},{latitude: ""40.734003"", longitude: ""-74.010842""},{latitude: ""40.736022"", longitude: ""-74.010659""},{latitude: ""40.738365"", longitude: ""-74.010459""},{latitude: ""40.741211"", longitude: ""-74.009578""},{latitude: ""40.742378"", longitude: ""-74.00881""},{latitude: ""40.741128"", longitude: ""-74.004636""},{latitude: ""40.73813"", longitude: ""-74.002033""},{latitude: ""40.733611"", longitude: ""-73.999555""},{latitude: ""40.730288"", longitude: ""-73.998072""},{latitude: ""40.727532"", longitude: ""-73.993432""},{latitude: ""40.722819"", longitude: ""-73.993089""},{latitude: ""40.718457"", longitude: ""-73.994808""},{latitude: ""40.713925"", longitude: ""-73.999557""},{latitude: ""40.717076"", longitude: ""-74.006249""}']","['Greenwich Village and Soho : {latitude: ""40.71598596625639"", longitude: ""-74.02783177459874""},{latitude: ""40.732686103138974"", longitude: ""-74.02444238617962""},{latitude: ""40.74344052536215"", longitude: ""-74.02359998529461""},{latitude: ""40.7468864935288"", longitude: ""-74.02156983807154""},{latitude: ""40.753703734028576"", longitude: ""-74.01985884437727""},{latitude: ""40.74531791881488"", longitude: ""-73.9898708345721""},{latitude: ""40.73738492353404"", longitude: ""-73.98983763217977""},{latitude: ""40.722269095313465"", longitude: ""-73.9826469800525""},{latitude: ""40.719377555253"", longitude: ""-73.98369982059566""},{latitude: ""40.71727987928496"", longitude: ""-73.98448770263846""},{latitude: ""40.714208049870024"", longitude: ""-73.98574346102117""},{latitude: ""40.70874682603465"", longitude: ""-73.98899604205056""},{latitude: ""40.70413750772315"", longitude: ""-74.00223760855931""},{latitude: ""40.70641679562605"", longitude: ""-74.01337806968439""},{latitude: ""40.70796652098998"", longitude: ""-74.01677676424461""},{latitude: ""40.711175477391386"", longitude: ""-74.02556228050571""}']"
9,"['Lower Manhattan : {latitude: ""40.687934"", longitude: ""-74.006266""},{latitude: ""40.687778"", longitude: ""-74.005806""},{latitude: ""40.687747"", longitude: ""-74.005846""},{latitude: ""40.687206"", longitude: ""-74.006952""},{latitude: ""40.687333"", longitude: ""-74.007392""},{latitude: ""40.687614"", longitude: ""-74.008413""},{latitude: ""40.688443"", longitude: ""-74.007921""},{latitude: ""40.687934"", longitude: ""-74.006266""}']","['Lower Manhattan : {latitude: ""40.69745014357607"", longitude: ""-74.0031897287092""},{latitude: ""40.69127220440795"", longitude: ""-73.98497272859814""},{latitude: ""40.67921467433169"", longitude: ""-74.00053083192182""},{latitude: ""40.6765290945713"", longitude: ""-74.00602112991622""},{latitude: ""40.67770797884847"", longitude: ""-74.01010545339616""},{latitude: ""40.68144949499186"", longitude: ""-74.02370007255068""},{latitude: ""40.70031472006072"", longitude: ""-74.01250382317302""},{latitude: ""40.69745014357607"", longitude: ""-74.0031897287092""}']"
10,"['Lower East Side : {latitude: ""40.712799"", longitude: ""-73.997117""},{latitude: ""40.718457"", longitude: ""-73.994808""},{latitude: ""40.722819"", longitude: ""-73.993089""},{latitude: ""40.727532"", longitude: ""-73.993432""},{latitude: ""40.730288"", longitude: ""-73.998072""},{latitude: ""40.732847"", longitude: ""-73.995914""},{latitude: ""40.737917"", longitude: ""-73.992225""},{latitude: ""40.738535"", longitude: ""-73.986425""},{latitude: ""40.736148"", longitude: ""-73.982572""},{latitude: ""40.73306"", longitude: ""-73.975391""},{latitude: ""40.729251"", longitude: ""-73.971282""},{latitude: ""40.718972"", longitude: ""-73.973491""},{latitude: ""40.711506"", longitude: ""-73.977208""},{latitude: ""40.710947"", longitude: ""-73.977774""},{latitude: ""40.710224"", longitude: ""-73.981278""},{latitude: ""40.708805"", longitude: ""-73.990226""},{latitude: ""40.710911"", longitude: ""-73.992029""},{latitude: ""40.709199"", longitude: ""-73.996084""}']","['Lower East Side : {latitude: ""40.72457646255574"", longitude: ""-74.00912497170606""},{latitude: ""40.74464019050689"", longitude: ""-74.0012135295056""},{latitude: ""40.74498238666648"", longitude: ""-73.99945320716434""},{latitude: ""40.751207733396264"", longitude: ""-73.99074202732933""},{latitude: ""40.74750021225312"", longitude: ""-73.98194239634253""},{latitude: ""40.74185179153769"", longitude: ""-73.96861449549417""},{latitude: ""40.73255822194393"", longitude: ""-73.96126447365994""},{latitude: ""40.726024739611"", longitude: ""-73.96139373416949""},{latitude: ""40.71817549424814"", longitude: ""-73.96316315418007""},{latitude: ""40.71489265081746"", longitude: ""-73.96435241005875""},{latitude: ""40.70778585972519"", longitude: ""-73.96758733757201""},{latitude: ""40.703878556014395"", longitude: ""-73.97061750919701""},{latitude: ""40.70008135882796"", longitude: ""-73.97817326810014""},{latitude: ""40.696961308252"", longitude: ""-74.00130620319526""},{latitude: ""40.70626430499807"", longitude: ""-74.00564624366538""},{latitude: ""40.71014385567794"", longitude: ""-74.01284383895398""},{latitude: ""40.71744592018844"", longitude: ""-74.00743955713031""},{latitude: ""40.72140162500425"", longitude: ""-74.00461657532229""},{latitude: ""40.72457646255574"", longitude: ""-74.00912497170606""}']"
11,"['Lower Westchester : {latitude: ""40.897385"", longitude: ""-73.839696""},{latitude: ""40.915855"", longitude: ""-73.910299""},{latitude: ""40.962174"", longitude: ""-73.892675""},{latitude: ""41.041283"", longitude: ""-73.873688""},{latitude: ""41.042826"", longitude: ""-73.819313""},{latitude: ""41.038472"", longitude: ""-73.75768""},{latitude: ""41.015002"", longitude: ""-73.692554""},{latitude: ""41.039808"", longitude: ""-73.678051""},{latitude: ""40.966236"", longitude: ""-73.667712""},{latitude: ""40.94966"", longitude: ""-73.682958""},{latitude: ""40.954421"", longitude: ""-73.691549""},{latitude: ""40.949333"", longitude: ""-73.701885""},{latitude: ""40.936853"", longitude: ""-73.722649""},{latitude: ""40.928475"", longitude: ""-73.734111""},{latitude: ""40.922665"", longitude: ""-73.745036""},{latitude: ""40.907728"", longitude: ""-73.760922""},{latitude: ""40.916653"", longitude: ""-73.76365""},{latitude: ""40.908228"", longitude: ""-73.767675""},{latitude: ""40.889758"", longitude: ""-73.776725""},{latitude: ""40.889149"", longitude: ""-73.78427""}']","['Lower Westchester : {latitude: ""40.91493239192996"", longitude: ""-73.92139258893643""},{latitude: ""40.96878707077279"", longitude: ""-73.90128979242257""},{latitude: ""41.01161014121675"", longitude: ""-73.89136287838762""},{latitude: ""41.04785196922533"", longitude: ""-73.88256278880579""},{latitude: ""41.0582666857676"", longitude: ""-73.8246914232343""},{latitude: ""41.052406388209036"", longitude: ""-73.78396040414276""},{latitude: ""41.03645909873139"", longitude: ""-73.73497636649822""},{latitude: ""41.03982307168141"", longitude: ""-73.70164231615104""},{latitude: ""41.064156947448105"", longitude: ""-73.68521825663613""},{latitude: ""41.046556802115894"", longitude: ""-73.67063632705012""},{latitude: ""41.03012005045383"", longitude: ""-73.65757518813736""},{latitude: ""41.000563941175216"", longitude: ""-73.64899306634267""},{latitude: ""40.96302932670994"", longitude: ""-73.65201048330287""},{latitude: ""40.91869988793935"", longitude: ""-73.71261188142483""},{latitude: ""40.90244014774245"", longitude: ""-73.75100245407009""},{latitude: ""40.87933235731488"", longitude: ""-73.77650812246735""},{latitude: ""40.87774424824225"", longitude: ""-73.8111260821823""},{latitude: ""40.883811989263464"", longitude: ""-73.83871931200335""},{latitude: ""40.8942274381497"", longitude: ""-73.87353592803329""},{latitude: ""40.90052312083452"", longitude: ""-73.89581577805306""}']"
12,"['Upper Westchester : {latitude: ""41.046962"", longitude: ""-73.87082""},{latitude: ""41.119449"", longitude: ""-73.868307""},{latitude: ""41.176577"", longitude: ""-73.876479""},{latitude: ""41.207095"", longitude: ""-73.897809""},{latitude: ""41.243641"", longitude: ""-73.952638""},{latitude: ""41.272536"", longitude: ""-73.942397""},{latitude: ""41.296362"", longitude: ""-73.95013""},{latitude: ""41.367163"", longitude: ""-73.955141""},{latitude: ""41.417514"", longitude: ""-73.962671""},{latitude: ""41.488049"", longitude: ""-73.985027""},{latitude: ""41.524314"", longitude: ""-73.960472""},{latitude: ""41.628857"", longitude: ""-73.746009""},{latitude: ""41.604401"", longitude: ""-73.723281""},{latitude: ""41.547342"", longitude: ""-73.744098""},{latitude: ""41.484302"", longitude: ""-73.62159""},{latitude: ""41.369717"", longitude: ""-73.657381""},{latitude: ""41.307744"", longitude: ""-73.687881""},{latitude: ""41.28664"", longitude: ""-73.756815""},{latitude: ""41.221648"", longitude: ""-73.770626""},{latitude: ""41.124003"", longitude: ""-73.756103""}']","['Upper Westchester : {latitude: ""41.44786909528936"", longitude: ""-73.99264014889987""},{latitude: ""41.53330559443605"", longitude: ""-73.99244172013998""},{latitude: ""41.566365443373904"", longitude: ""-73.8803222254634""},{latitude: ""41.639999520573774"", longitude: ""-73.76921016355605""},{latitude: ""41.60789767343343"", longitude: ""-73.69786050413849""},{latitude: ""41.51733462088992"", longitude: ""-73.7497058745136""},{latitude: ""41.48455827473592"", longitude: ""-73.6436108886851""},{latitude: ""41.45478895777763"", longitude: ""-73.61672774554378""},{latitude: ""41.31487475170302"", longitude: ""-73.65156908197297""},{latitude: ""41.26796221286068"", longitude: ""-73.75667428897654""},{latitude: ""41.278098674811034"", longitude: ""-73.72040356183892""},{latitude: ""41.20497927258597"", longitude: ""-73.7751944451978""},{latitude: ""41.10587404205639"", longitude: ""-73.74602724012675""},{latitude: ""41.07702520281364"", longitude: ""-73.8177455776313""},{latitude: ""41.08955811273152"", longitude: ""-73.88291565515738""},{latitude: ""41.16751543536491"", longitude: ""-73.88302854723626""},{latitude: ""41.21565089784901"", longitude: ""-73.92697696340299""},{latitude: ""41.27436352427855"", longitude: ""-73.96478252041666""},{latitude: ""41.333247344706606"", longitude: ""-73.98544399173169""},{latitude: ""41.39148077952762"", longitude: ""-73.9568662790834""}']"
13,"['Queens : {latitude: ""40.688412"", longitude: ""-73.847927""},{latitude: ""40.689039"", longitude: ""-73.882267""},{latitude: ""40.69602"", longitude: ""-73.905059""},{latitude: ""40.707569"", longitude: ""-73.91916""},{latitude: ""40.737638"", longitude: ""-73.923597""},{latitude: ""40.758319"", longitude: ""-73.910684""},{latitude: ""40.780733"", longitude: ""-73.918618""},{latitude: ""40.78157"", longitude: ""-73.895907""},{latitude: ""40.763838"", longitude: ""-73.842982""},{latitude: ""40.784016"", longitude: ""-73.85778""},{latitude: ""40.794985"", longitude: ""-73.843385""},{latitude: ""40.797936"", longitude: ""-73.812012""},{latitude: ""40.787663"", longitude: ""-73.77174""},{latitude: ""40.751528"", longitude: ""-73.745843""},{latitude: ""40.731085"", longitude: ""-73.730616""},{latitude: ""40.71427"", longitude: ""-73.754349""},{latitude: ""40.687617"", longitude: ""-73.753639""},{latitude: ""40.689994"", longitude: ""-73.783266""},{latitude: ""40.667087"", longitude: ""-73.793062""},{latitude: ""40.682244"", longitude: ""-73.822211""}']","['Queens : {latitude: ""40.74021812335903"", longitude: ""-73.94868035943229""},{latitude: ""40.75728893455368"", longitude: ""-73.92440023605798""},{latitude: ""40.777322373101015"", longitude: ""-73.93851863968253""},{latitude: ""40.78564699968816"", longitude: ""-73.8798232115925""},{latitude: ""40.80721281641038"", longitude: ""-73.83879005011333""},{latitude: ""40.80387118220069"", longitude: ""-73.78994201952128""},{latitude: ""40.7790478393953"", longitude: ""-73.75578105664268""},{latitude: ""40.7240842950682"", longitude: ""-73.72125605896554""},{latitude: ""40.712268042988654"", longitude: ""-73.74009189693749""},{latitude: ""40.702926146673406"", longitude: ""-73.73828313342318""},{latitude: ""40.673362802474166"", longitude: ""-73.75749090795605""},{latitude: ""40.65689108876122"", longitude: ""-73.79069817558516""},{latitude: ""40.67122459977938"", longitude: ""-73.8112555643934""},{latitude: ""40.672887149749734"", longitude: ""-73.81855892722247""},{latitude: ""40.673189610630864"", longitude: ""-73.84044540407395""},{latitude: ""40.676111070576475"", longitude: ""-73.85461611969787""},{latitude: ""40.67425741702755"", longitude: ""-73.86114155134494""},{latitude: ""40.67778044974972"", longitude: ""-73.88149152677144""},{latitude: ""40.70700105518863"", longitude: ""-73.93150621590439""}']"
14,"['Brooklyn : {latitude: ""40.574012"", longitude: ""-73.959854""},{latitude: ""40.571957"", longitude: ""-73.973409""},{latitude: ""40.571342"", longitude: ""-73.981289""},{latitude: ""40.570267"", longitude: ""-73.99266""},{latitude: ""40.570815"", longitude: ""-74.001541""},{latitude: ""40.590543"", longitude: ""-73.998586""},{latitude: ""40.639141"", longitude: ""-74.036725""},{latitude: ""40.671705"", longitude: ""-73.998659""},{latitude: ""40.687747"", longitude: ""-74.005846""},{latitude: ""40.704747"", longitude: ""-73.987546""},{latitude: ""40.70346"", longitude: ""-73.971104""},{latitude: ""40.724951"", longitude: ""-73.961611""},{latitude: ""40.725252"", longitude: ""-73.927205""},{latitude: ""40.697077"", longitude: ""-73.906748""},{latitude: ""40.684174"", longitude: ""-73.891071""},{latitude: ""40.671269"", longitude: ""-73.860389""},{latitude: ""40.649263"", longitude: ""-73.866606""},{latitude: ""40.62221"", longitude: ""-73.890429""},{latitude: ""40.575447"", longitude: ""-73.936691""},{latitude: ""40.574134"", longitude: ""-73.952325""}']","['Brooklyn : {latitude: ""40.621355921833434"", longitude: ""-74.0522524997591""},{latitude: ""40.64512847523915"", longitude: ""-74.04823863171474""},{latitude: ""40.688280049818104"", longitude: ""-74.02443684991667""},{latitude: ""40.69636455469661"", longitude: ""-74.0111175113526""},{latitude: ""40.70457551446154"", longitude: ""-74.00661174425215""},{latitude: ""40.714800757854476"", longitude: ""-73.98666504274557""},{latitude: ""40.72500335249164"", longitude: ""-73.97358324309472""},{latitude: ""40.73570028203618"", longitude: ""-73.97264722153814""},{latitude: ""40.74373912614244"", longitude: ""-73.93601519072344""},{latitude: ""40.720750046969314"", longitude: ""-73.91368766634815""},{latitude: ""40.69714997054688"", longitude: ""-73.88812752931167""},{latitude: ""40.68273722738436"", longitude: ""-73.85019227638324""},{latitude: ""40.636631585851575"", longitude: ""-73.84935491817633""},{latitude: ""40.60469634365775"", longitude: ""-73.87404323174063""},{latitude: ""40.566188023136526"", longitude: ""-73.92673885063066""},{latitude: ""40.562372094665164"", longitude: ""-73.96580388550588""},{latitude: ""40.560396804141156"", longitude: ""-73.98723526114513""},{latitude: ""40.56518973703137"", longitude: ""-74.01674591659582""},{latitude: ""40.59187873549898"", longitude: ""-74.0163051324525""},{latitude: ""40.607679089385684"", longitude: ""-74.04774060185153""}']"
