zone,zip
Hudson Valley,10566
Hudson Valley,10567
Hudson Valley,10598
Hudson Valley,10596
Hudson Valley,10521
Hudson Valley,10520
Hudson Valley,10548
Hudson Valley,10511
Hudson Valley,10562
Hudson Valley,10510
Hudson Valley,10547
Hudson Valley,10579
Hudson Valley,10535
Hudson Valley,10505
Hudson Valley,10541
Hudson Valley,10589
Hudson Valley,10512
Hudson Valley,10516
Hudson Valley,10524
Hudson Valley,12524
Hudson Valley,12533
Hudson Valley,10928
Hudson Valley,10591
Hudson Valley,10546
Hudson Valley,10570
Hudson Valley,12508
Hudson Valley,10588
Hudson Valley,10537
Hudson Valley,10527
East Harlem,10029
East Harlem,10035
Gramercy Park,10010
Gramercy Park,10016
Gramercy Park,10017
Gramercy Park,10022
Upper East Side,10021
Upper East Side,10028
Upper East Side,10044
Upper East Side,10065
Upper East Side,10075
Upper East Side,10128
Central Harlem,10026
Central Harlem,10027
Central Harlem,10030
Central Harlem,10037
Central Harlem,10039
Chelsea and Clinton,10001
Chelsea and Clinton,10011
Chelsea and Clinton,10018
Chelsea and Clinton,10019
Chelsea and Clinton,10020
Chelsea and Clinton,10036
Upper West Side,10023
Upper West Side,10024
Upper West Side,10025
Washington Heights,10031
Washington Heights,10032
Washington Heights,10033
Washington Heights,10040
Inwood,10034
Inwood,10451
Inwood,10452
Inwood,10453
Inwood,10454
Inwood,10455
Inwood,10456
Inwood,10457
Inwood,10458
Inwood,10459
Inwood,10460
Inwood,10461
Inwood,10462
Inwood,10463
Inwood,10464
Inwood,10465
Inwood,10466
Inwood,10467
Inwood,10468
Inwood,10469
Inwood,10470
Inwood,10471
Inwood,10472
Inwood,10473
Inwood,10474
Inwood,10475
Inwood,10499
Greenwich Village and Soho,10012
Greenwich Village and Soho,10013
Greenwich Village and Soho,10014
Lower Manhattan,10004
Lower Manhattan,10005
Lower Manhattan,10006
Lower Manhattan,10007
Lower Manhattan,10038
Lower Manhattan,10280
Lower East Side,10002
Lower East Side,10003
Lower East Side,10009
Lower Westchester,10502
Lower Westchester,10522
Lower Westchester,10528
Lower Westchester,10530
Lower Westchester,10533
Lower Westchester,10538
Lower Westchester,10543
Lower Westchester,10550
Lower Westchester,10552
Lower Westchester,10553
Lower Westchester,10573
Lower Westchester,10580
Lower Westchester,10583
Lower Westchester,10601
Lower Westchester,10605
Lower Westchester,10606
Lower Westchester,10607
Lower Westchester,10701
Lower Westchester,10703
Lower Westchester,10704
Lower Westchester,10705
Lower Westchester,10706
Lower Westchester,10707
Lower Westchester,10708
Lower Westchester,10709
Lower Westchester,10710
Lower Westchester,10801
Lower Westchester,10803
Lower Westchester,10804
Lower Westchester,10805
Upper Westchester,10566
Upper Westchester,10567
Upper Westchester,10598
Upper Westchester,10596
Upper Westchester,10521
Upper Westchester,10520
Upper Westchester,10548
Upper Westchester,10511
Upper Westchester,10562
Upper Westchester,10510
Upper Westchester,10547
Upper Westchester,10579
Upper Westchester,10535
Upper Westchester,10505
Upper Westchester,10541
Upper Westchester,10589
Upper Westchester,10512
Upper Westchester,10516
Upper Westchester,10524
Upper Westchester,12524
Upper Westchester,12533
Upper Westchester,10928
Upper Westchester,10591
Upper Westchester,10546
Upper Westchester,10570
Upper Westchester,12508
Upper Westchester,10588
Upper Westchester,10537
Upper Westchester,10527